"corona.Num","corona_nodes"
"1","Q9BYF1"
"2","O75347"
"3","Q92769"
"4","O15226"
"5","Q53GL7"
"6","P04439"
"7","O76064"
"8","P14635"
"9","Q9H2X3"
"10","Q9NNX6"
"11","J3QS39"
"12","P05161"
"13","P29120"
"14","Q9Y5Y6"
"15","P07858"
"16","P07711"
"17","Q8IUN9"
"18","Q9BYX4"
"19","Q96SB4"
"20","P78362"
"21","Q7Z434"
"22","Q9UHD2"
"23","O95786"
"24","Q86WV6"
"25","Q8IWA5"
"26","Q86VM9"
"27","Q6UX04"
"28","P25440"
"29","O60885"
"30","O00203"
"31","Q9Y3U8"
"32","Q9NW13"
"33","Q9NR30"
"34","Q9UN86"
"35","Q9HCE1"
"36","Q92900"
"37","Q8TAD8"
"38","Q8NCA5"
"39","Q6PKG0"
"40","Q13310"
"41","Q13283"
"42","P67870"
"43","P19784"
"44","P11940"
"45","O43818"
"46","Q9C0B5"
"47","Q7Z5G4"
"48","Q9Y6E2"
"49","Q9Y312"
"50","Q9ULX6"
"51","Q9UDR5"
"52","Q9UBU6"
"53","Q9NQC3"
"54","Q9BW92"
"55","Q9BSJ2"
"56","Q9BQT8"
"57","Q96HW7"
"58","Q96HR9"
"59","Q96ER3"
"60","Q96D53"
"61","Q96CW5"
"62","Q8NEW0"
"63","Q7L8L6"
"64","Q6PML9"
"65","Q5JRX3"
"66","Q4KMQ2"
"67","Q10713"
"68","Q00765"
"69","P48556"
"70","P38606"
"71","P38435"
"72","P27105"
"73","P13804"
"74","P11310"
"75","P05026"
"76","O95070"
"77","O75439"
"78","Q14181"
"79","P49643"
"80","P49642"
"81","P09884"
"82","Q99959"
"83","Q8NBJ5"
"84","Q9HAV7"
"85","Q96CW1"
"86","Q969X5"
"87","P55789"
"88","O94973"
"89","Q9HAU0"
"90","Q9H2H8"
"91","Q99081"
"92","Q96IZ5"
"93","Q92615"
"94","Q8IWR0"
"95","Q70EL1"
"96","Q6UUV7"
"97","Q5VUA4"
"98","Q5T6F2"
"99","Q5JSZ5"
"100","Q5EBL8"
"101","Q2T9J0"
"102","Q14157"
"103","Q13546"
"104","O95391"
"105","O75592"
"106","O43823"
"107","O14874"
"108","A3KN83"
"109","P17612"
"110","O14578"
"111","Q9Y2I6"
"112","Q9UJC3"
"113","Q9BV73"
"114","Q9BV19"
"115","Q9BQS8"
"116","Q9BQQ3"
"117","Q99996"
"118","Q96SN8"
"119","Q96N16"
"120","Q96CN9"
"121","Q92995"
"122","Q8TD10"
"123","Q8N8E3"
"124","Q8N4C6"
"125","Q8N3C7"
"126","Q8IWJ2"
"127","Q8IUD2"
"128","Q7Z7A1"
"129","Q76N32"
"130","Q66GS9"
"131","Q5VU43"
"132","Q5VT06"
"133","Q4V328"
"134","Q14789"
"135","Q08379"
"136","Q08378"
"137","Q08117"
"138","Q04726"
"139","Q04724"
"140","P49454"
"141","P35241"
"142","P31323"
"143","P13861"
"144","O95684"
"145","O95613"
"146","O75506"
"147","A7MCY6"
"148","Q9NXA8"
"149","P12268"
"150","P06280"
"151","P07203"
"152","Q9NXH9"
"153","Q9H7F0"
"154","Q99720"
"155","Q15904"
"156","O75964"
"157","Q8WVC6"
"158","Q9NP72"
"159","Q9H7Z7"
"160","Q9BQE4"
"161","Q96DA6"
"162","Q96A26"
"163","Q8WUY8"
"164","Q8WTV0"
"165","Q8NBX0"
"166","Q8N183"
"167","Q7LGA3"
"168","Q6ZRP7"
"169","Q5VT66"
"170","Q5JTV8"
"171","Q13724"
"172","Q12907"
"173","P63218"
"174","P62873"
"175","P62820"
"176","P61586"
"177","P61106"
"178","P61026"
"179","P61019"
"180","P61006"
"181","P51149"
"182","P51148"
"183","P21964"
"184","P11233"
"185","P00387"
"186","O95573"
"187","O43169"
"188","O00116"
"189","Q9H4P4"
"190","P62330"
"191","P61970"
"192","Q6Y7W6"
"193","Q5T1M5"
"194","Q2M389"
"195","P52306"
"196","P16435"
"197","O60573"
"198","O14975"
"199","Q9Y5J7"
"200","Q9Y5J6"
"201","Q9NVH1"
"202","Q9BSF4"
"203","Q8TEM1"
"204","Q2TAA5"
"205","P62072"
"206","P14735"
"207","Q9NZJ7"
"208","P78406"
"209","P52948"
"210","Q9Y673"
"211","Q9UH99"
"212","Q9H270"
"213","Q96S66"
"214","Q96JC1"
"215","Q8N6S5"
"216","Q8IWR1"
"217","P09601"
"218","Q9C0D3"
"219","Q15370"
"220","Q15369"
"221","P62877"
"222","Q9Y5J9"
"223","Q9BU02"
"224","Q3KQU3"
"225","Q13617"
"226","P50897"
"227","Q9HD40"
"228","Q9BSC4"
"229","Q92552"
"230","Q13868"
"231","P82675"
"232","Q9Y399"
"233","Q9ULT8"
"234","Q9NY61"
"235","Q9NQT5"
"236","Q9NQT4"
"237","Q9H6F5"
"238","Q96I59"
"239","Q96B26"
"240","Q8NEJ9"
"241","Q7L2J0"
"242","Q4G0J3"
"243","Q13206"
"244","P82663"
"245","P61011"
"246","P09132"
"247","O96028"
"248","O95260"
"249","O76094"
"250","O00566"
"251","P35556"
"252","Q9UBX5"
"253","Q9NZL9"
"254","Q9BVL2"
"255","Q99567"
"256","Q96F45"
"257","Q8TD19"
"258","Q8N0X7"
"259","Q86YT6"
"260","Q7Z3B4"
"261","Q15056"
"262","P61962"
"263","P37198"
"264","P35658"
"265","P35555"
"266","P13984"
"267","Q9NU22"
"268","Q7Z4Q2"
"269","Q96IV0"
"270","Q8N0Z8"
"271","Q96AY3"
"272","Q13443"
"273","Q9Y680"
"274","Q9Y4L1"
"275","Q9UHI8"
"276","Q9P2E5"
"277","Q9NYU1"
"278","Q9NXK8"
"279","Q9H8W4"
"280","Q9H4F8"
"281","Q9H488"
"282","Q9H173"
"283","Q9BZQ6"
"284","Q9BS26"
"285","Q9BRN9"
"286","Q99988"
"287","Q99519"
"288","Q99470"
"289","Q96MM7"
"290","Q96F46"
"291","Q96DZ1"
"292","Q92820"
"293","Q8N766"
"294","Q8IZ52"
"295","Q8IWF2"
"296","Q8IV08"
"297","Q86YB8"
"298","Q7Z4H8"
"299","Q6UW63"
"300","Q15818"
"301","Q13438"
"302","Q08431"
"303","P61916"
"304","P58166"
"305","P29122"
"306","P28300"
"307","P26358"
"308","P15151"
"309","P12109"
"310","P0C7P0"
"311","P05556"
"312","P00750"
"313","O76061"
"314","O14656"
"315","O00469"
"316","Q9UL15"
"317","Q9UKA9"
"318","Q9P0L2"
"319","Q9H773"
"320","Q9H2P9"
"321","Q7KZI7"
"322","P27448"
"323","O94826"
"324","O75534"
"325","O43633"
"326","O14745"
"327","Q9Y3A6"
"328","Q2PZI1"
"329","Q96S52"
"330","Q9Y6M9"
"331","Q9Y375"
"332","Q9Y276"
"333","Q9NV92"
"334","Q9H845"
"335","Q9H3K2"
"336","Q9GZU3"
"337","Q9BVK2"
"338","Q9BQ95"
"339","Q96K12"
"340","Q8TEQ8"
"341","Q86VR2"
"342","Q86UT6"
"343","Q7Z2K6"
"344","Q6NXT6"
"345","Q6NXT4"
"346","Q5BJF2"
"347","Q12770"
"348","P55085"
"349","P33527"
"350","O76024"
"351","O43292"
"352","O00124"
"353","P55884"
"354","P08865"
"355","P60228"
"356","P35251"
"357","P46782"
"358","P46783"
"359","O76021"
"360","Q9BUJ2"
"361","Q9BZE4"
"362","O95757"
"363","P82650"
"364","P53007"
"365","P26599"
"366","P05023"
"367","P16615"
"368","P34932"
"369","O00411"
"370","Q9UNQ2"
"371","Q9H0A0"
"372","Q96CS3"
"373","P63244"
"374","P50991"
"375","P06576"
"376","P31689"
"377","P25705"
"378","P25205"
"379","P40227"
"380","P48643"
"381","P22314"
"382","P53621"
"383","P61158"
"384","Q16875"
"385","Q9UM54"
"386","Q06787"
"387","P62195"
"388","P62269"
"389","Q96N67"
"390","P19105"
"391","P60660"
"392","P35998"
"393","Q9NTJ3"
"394","P04406"
"395","Q9NZ01"
"396","Q16891"
"397","Q9P035"
"398","P09012"
"399","P35250"
"400","Q9NXF1"
"401","Q9H5H4"
"402","P16989"
"403","P25398"
"404","Q14498"
"405","Q9UHX1"
"406","O43660"
"407","Q7Z2T5"
"408","O15381"
"409","Q9NX58"
"410","O43395"
"411","Q13610"
"412","O00567"
"413","Q9UKD2"
"414","P11387"
"415","P46013"
"416","Q86UE4"
"417","Q9UJV9"
"418","Q13523"
"419","P42696"
"420","O95104"
"421","Q8N5C6"
"422","Q9GZR7"
"423","Q12788"
"424","P40938"
"425","Q9HC36"
"426","Q8NC51"
"427","Q00325"
"428","P57088"
"429","P55786"
"430","O43592"
"431","O14980"
"432","P30043"
"433","Q99460"
"434","P53396"
"435","P22234"
"436","Q9NNW5"
"437","P06733"
"438","P27348"
"439","O95347"
"440","P47756"
"441","Q13200"
"442","P52907"
"443","Q9ULV4"
"444","P62140"
"445","Q9NYL9"
"446","P09622"
"447","P00338"
"448","P11586"
"449","Q07021"
"450","O95831"
"451","Q14315"
"452","Q16576"
"453","O00148"
"454","Q15366"
"455","Q15942"
"456","Q92945"
"457","Q99615"
"458","P51570"
"459","P67936"
"460","Q9NRN7"
"461","O43795"
"462","P25789"
"463","P08621"
"464","P50990"
"465","P06753"
"466","Q5JWF2"
"467","P49368"
"468","O75688"
"469","P04075"
"470","Q15365"
"471","P17987"
"472","P46109"
"473","P47755"
"474","P13797"
"475","P49327"
"476","P59998"
"477","Q9NWT1"
"478","Q9H0D6"
"479","P0DN76"
"480","Q15024"
"481","Q9Y383"
"482","P62263"
"483","P46087"
"484","P08708"
"485","P42285"
"486","Q99848"
"487","Q12789"
"488","Q9P015"
"489","Q13243"
"490","Q1KMD3"
"491","O60293"
"492","O60832"
"493","Q2NL82"
"494","O75569"
"495","Q8N9T8"
"496","Q15020"
"497","O75934"
"498","Q5SSJ5"
"499","Q14137"
"500","Q92974"
"501","P07195"
"502","P50402"
"503","O75746"
"504","Q5H9R7"
"505","P30876"
"506","O15397"
"507","Q9H078"
"508","O60762"
"509","Q9H936"
"510","O00231"
"511","Q9UHI6"
"512","Q7Z4H7"
"513","Q96EY1"
"514","Q15008"
"515","O14818"
"516","P40939"
"517","P57678"
"518","O15027"
"519","P60900"
"520","P51665"
"521","P62191"
"522","Q14257"
"523","O95816"
"524","O95071"
"525","P46379"
"526","Q9Y5A9"
"527","P53618"
"528","O60884"
"529","O43852"
"530","Q15293"
"531","Q9UBF2"
"532","P35606"
"533","P38159"
"534","Q13151"
"535","Q8IXB1"
"536","Q5SW79"
"537","P15924"
"538","Q5T9A4"
"539","Q9NVI7"
"540","P33176"
"541","Q13561"
"542","Q6P2E9"
"543","P30153"
"544","Q9UNM6"
"545","Q9NXS2"
"546","Q8WTT2"
"547","Q7KZF4"
"548","Q02978"
"549","P10155"
"550","Q14152"
"551","P0DP25"
"552","Q9BUQ8"
"553","Q58FF8"
"554","Q9Y265"
"555","P07355"
"556","Q99832"
"557","P31948"
"558","Q3ZCQ8"
"559","P42677"
"560","P09874"
"561","P06493"
"562","Q14739"
"563","Q9UBX3"
"564","P12004"
"565","P35613"
"566","Q01523"
"567","P00403"
"568","Q96HU1"
"569","Q53HI1"
"570","Q03169"
"571","P25686"
"572","P01031"
"573","O94919"
"574","Q9Y6D6"
"575","Q9Y6D5"
"576","Q9Y6A1"
"577","Q9Y672"
"578","Q9Y5Y2"
"579","Q9Y487"
"580","Q9Y426"
"581","Q9Y2W3"
"582","Q9UBQ6"
"583","Q9NVI1"
"584","Q9NV66"
"585","Q9H9P8"
"586","Q9H2U2"
"587","Q9H019"
"588","Q9C029"
"589","Q9BZD2"
"590","Q9BXI2"
"591","Q9BRK5"
"592","Q99797"
"593","Q96RQ1"
"594","Q96RL7"
"595","Q96Q80"
"596","Q96NT5"
"597","Q96MT1"
"598","Q96JI7"
"599","Q96JB5"
"600","Q96ED9"
"601","Q96CM8"
"602","Q96CB8"
"603","Q969N2"
"604","Q93084"
"605","Q92791"
"606","Q92538"
"607","Q8WXA3"
"608","Q8WWC4"
"609","Q8NI22"
"610","Q8NHH9"
"611","Q8NFQ8"
"612","Q8NDA8"
"613","Q8NCN5"
"614","Q8N5G2"
"615","Q8N442"
"616","Q8N2H3"
"617","Q8IZQ1"
"618","Q86UA1"
"619","Q7Z4R8"
"620","Q7Z3D6"
"621","Q7Z3C6"
"622","Q6UX65"
"623","Q6UX53"
"624","Q6UB35"
"625","Q6SZW1"
"626","Q6P3X3"
"627","Q6NT16"
"628","Q6IBW4"
"629","Q68DH5"
"630","Q5T4D3"
"631","Q5T3U5"
"632","Q5SWX8"
"633","Q5BJH7"
"634","Q58EX7"
"635","Q53H96"
"636","Q3MJ13"
"637","Q16585"
"638","Q16236"
"639","Q15386"
"640","Q15054"
"641","Q13608"
"642","Q13232"
"643","Q13021"
"644","Q05932"
"645","Q03135"
"646","P98198"
"647","P78545"
"648","P78527"
"649","P54707"
"650","P51649"
"651","P51636"
"652","P51617"
"653","P49810"
"654","P49590"
"655","P49116"
"656","P45954"
"657","P42695"
"658","P42126"
"659","P35670"
"660","P27144"
"661","P24752"
"662","P19634"
"663","P16219"
"664","P11498"
"665","P08236"
"666","P07093"
"667","P05166"
"668","P05165"
"669","O95864"
"670","O95772"
"671","O95299"
"672","O94829"
"673","O94822"
"674","O94788"
"675","O76082"
"676","O75841"
"677","O75448"
"678","O75306"
"679","O60674"
"680","O60318"
"681","O43929"
"682","O43826"
"683","O43251"
"684","O15374"
"685","O15354"
"686","O15287"
"687","O15063"
"688","O00482"
"689","O00217"
"690","O00165"
"691","A6NFN3"
"692","A4D1U4"
"693","Q9Y264"
"694","Q8WW12"
"695","Q6NZI2"
"696","Q04837"
"697","P38646"
"698","P0DMV8"
"699","O95810"
"700","Q86TG7"
"701","P15622"
"702","Q9H3R2"
"703","O60524"
"704","O00238"
"705","Q9UHN6"
"706","Q6NUS6"
"707","Q30201"
"708","Q16658"
"709","P51690"
"710","P10321"
"711","P11021"
"712","O75354"
"713","Q5VW36"
"714","Q15751"
"715","Q9BYW2"
"716","Q86VP1"
"717","P42226"
"718","P00846"
"719","O43264"
"720","Q9UPQ8"
"721","Q96B96"
"722","Q9Y5Z9"
"723","Q9Y561"
"724","Q9Y3P4"
"725","Q9P0I2"
"726","Q9NWS8"
"727","Q9NUT2"
"728","Q9H490"
"729","Q9H2J7"
"730","Q9C0H2"
"731","Q9BVG9"
"732","Q9BT76"
"733","Q9BSR8"
"734","Q9BRR6"
"735","Q96HV5"
"736","Q96GC9"
"737","Q96G23"
"738","Q96ES6"
"739","Q96CP7"
"740","Q96C19"
"741","Q969E2"
"742","Q92536"
"743","Q8WY22"
"744","Q8WVQ1"
"745","Q8WUD6"
"746","Q8WTW3"
"747","Q8N357"
"748","Q8N0U8"
"749","Q6Y1H2"
"750","Q6P1A2"
"751","Q5UCC4"
"752","Q5J8M3"
"753","Q5HYI8"
"754","Q15800"
"755","Q15392"
"756","Q15125"
"757","Q15043"
"758","Q15006"
"759","Q14746"
"760","Q14596"
"761","Q14019"
"762","Q13637"
"763","P83436"
"764","P58658"
"765","P56381"
"766","P30049"
"767","P28328"
"768","P28068"
"769","P26038"
"770","P24539"
"771","P04114"
"772","P04035"
"773","P03905"
"774","P00167"
"775","O95395"
"776","O75947"
"777","O60779"
"778","O43402"
"779","O15260"
"780","O00400"
"781","O00151"
"782","B7ZAQ6"
"783","Q9NZM1"
"784","Q9NV58"
"785","Q86VZ4"
"786","P78552"
"787","O95297"
"788","Q9UP95"
"789","Q9UIW2"
"790","Q9NZU5"
"791","Q96PD2"
"792","Q8WUA8"
"793","Q8IY22"
"794","Q6PJG9"
"795","Q14574"
"796","P54868"
"797","P53004"
"798","P10586"
"799","O43291"
"800","Q9Y6R1"
"801","Q9Y6M5"
"802","Q9Y6D0"
"803","Q9Y666"
"804","Q9Y617"
"805","Q9Y5I4"
"806","Q9Y4P3"
"807","Q9Y4D7"
"808","Q9Y397"
"809","Q9Y2H0"
"810","Q9Y2G1"
"811","Q9Y287"
"812","Q9UNN8"
"813","Q9UNE7"
"814","Q9UN75"
"815","Q9UN74"
"816","Q9UN70"
"817","Q9UMX0"
"818","Q9UM47"
"819","Q9ULT6"
"820","Q9UL25"
"821","Q9UHW9"
"822","Q9UGH3"
"823","Q9UBN6"
"824","Q9UBG0"
"825","Q9P253"
"826","Q9P244"
"827","Q9NZV1"
"828","Q9NZU0"
"829","Q9NUQ9"
"830","Q9NSU2"
"831","Q9NRX4"
"832","Q9NRW7"
"833","Q9NQX7"
"834","Q9NQS3"
"835","Q9NPR2"
"836","Q9HC56"
"837","Q9HBJ8"
"838","Q9H813"
"839","Q9H4A4"
"840","Q9H2G2"
"841","Q9H269"
"842","Q9H1Y3"
"843","Q9H0X4"
"844","Q9H0M0"
"845","Q9GZP1"
"846","Q9C0C4"
"847","Q9BZG1"
"848","Q9BYN0"
"849","Q9BY44"
"850","Q9BVT8"
"851","Q9BTU6"
"852","Q9BT67"
"853","Q99999"
"854","Q99747"
"855","Q99685"
"856","Q99650"
"857","Q99426"
"858","Q96Q45"
"859","Q96NT0"
"860","Q96MC5"
"861","Q96LD4"
"862","Q96L92"
"863","Q96KP4"
"864","Q96J02"
"865","Q96A54"
"866","Q969W9"
"867","Q92859"
"868","Q92692"
"869","Q92597"
"870","Q8WUM9"
"871","Q8TCZ2"
"872","Q8TAT6"
"873","Q8NHV4"
"874","Q8NHP6"
"875","Q8NFT2"
"876","Q8NE01"
"877","Q8NC67"
"878","Q8NC54"
"879","Q8NC42"
"880","Q8NBJ7"
"881","Q8NB49"
"882","Q8N614"
"883","Q8N4L2"
"884","Q8N1G4"
"885","Q8IWT6"
"886","Q8IWK6"
"887","Q8IUW5"
"888","Q8IUR0"
"889","Q86Y82"
"890","Q86XS8"
"891","Q86X29"
"892","Q86VS8"
"893","Q86SJ2"
"894","Q7Z4F1"
"895","Q7L1W4"
"896","Q6UXM1"
"897","Q6U841"
"898","Q6PJF5"
"899","Q6PIU2"
"900","Q6P9B6"
"901","Q6NZ63"
"902","Q6ICG6"
"903","Q658P3"
"904","Q5W0Z9"
"905","Q5VW32"
"906","Q5VV43"
"907","Q58FF6"
"908","Q3MIR4"
"909","Q3LXA3"
"910","Q29983"
"911","Q16739"
"912","Q16719"
"913","Q15836"
"914","Q15813"
"915","Q15691"
"916","Q15382"
"917","Q15257"
"918","Q15181"
"919","Q15075"
"920","Q15036"
"921","Q15025"
"922","Q14914"
"923","Q14344"
"924","Q14114"
"925","Q13873"
"926","Q13772"
"927","Q13641"
"928","Q13636"
"929","Q13596"
"930","Q13332"
"931","Q13145"
"932","Q12959"
"933","Q12913"
"934","Q12864"
"935","Q12846"
"936","Q08345"
"937","Q08334"
"938","Q06124"
"939","Q05639"
"940","Q04941"
"941","Q04771"
"942","Q04760"
"943","Q04721"
"944","Q02297"
"945","Q01973"
"946","Q01518"
"947","Q00688"
"948","P78536"
"949","P63027"
"950","P62942"
"951","P62745"
"952","P61769"
"953","P61020"
"954","P60880"
"955","P60520"
"956","P58546"
"957","P56749"
"958","P54920"
"959","P54753"
"960","P54710"
"961","P52788"
"962","P51809"
"963","P51798"
"964","P51511"
"965","P51153"
"966","P51151"
"967","P50895"
"968","P50851"
"969","P50443"
"970","P50148"
"971","P49840"
"972","P49773"
"973","P49754"
"974","P48960"
"975","P48723"
"976","P48506"
"977","P48449"
"978","P46531"
"979","P45877"
"980","P42892"
"981","P41273"
"982","P41227"
"983","P40925"
"984","P40818"
"985","P40189"
"986","P37235"
"987","P37173"
"988","P36897"
"989","P36896"
"990","P36894"
"991","P36871"
"992","P31641"
"993","P30622"
"994","P30530"
"995","P30519"
"996","P30046"
"997","P29353"
"998","P29323"
"999","P29317"
"1000","P28907"
"1001","P28827"
"1002","P27037"
"1003","P23919"
"1004","P23634"
"1005","P23229"
"1006","P21399"
"1007","P20339"
"1008","P19440"
"1009","P19438"
"1010","P18433"
"1011","P17931"
"1012","P17693"
"1013","P16422"
"1014","P16152"
"1015","P16070"
"1016","P15313"
"1017","P15311"
"1018","P15260"
"1019","P15121"
"1020","P14550"
"1021","P14314"
"1022","P14209"
"1023","P13747"
"1024","P13164"
"1025","P11908"
"1026","P11717"
"1027","P11362"
"1028","P10909"
"1029","P0DMM9"
"1030","P0DI83"
"1031","P09958"
"1032","P09936"
"1033","P08758"
"1034","P08581"
"1035","P08133"
"1036","P06744"
"1037","P04920"
"1038","P01130"
"1039","O95716"
"1040","O95361"
"1041","O95164"
"1042","O75976"
"1043","O75886"
"1044","O75874"
"1045","O75674"
"1046","O75509"
"1047","O75436"
"1048","O75325"
"1049","O75309"
"1050","O75121"
"1051","O60941"
"1052","O60749"
"1053","O60503"
"1054","O60499"
"1055","O60462"
"1056","O60291"
"1057","O60271"
"1058","O43865"
"1059","O43752"
"1060","O43570"
"1061","O43556"
"1062","O43520"
"1063","O43493"
"1064","O43488"
"1065","O43306"
"1066","O15403"
"1067","O15400"
"1068","O15305"
"1069","O14763"
"1070","O14657"
"1071","O00308"
"1072","O00220"
"1073","O00186"
"1074","B7ZAP0"
"1075","A0MZ66"
"1076","P36941"
"1077","Q13315"
"1078","Q9H0H0"
"1079","Q6P9B9"
"1080","Q9UI26"
"1081","Q9UI09"
"1082","Q9HD20"
"1083","Q9HAV4"
"1084","Q9H7D0"
"1085","Q9H6E5"
"1086","Q9H0V1"
"1087","Q9BXW9"
"1088","Q9BSE5"
"1089","Q96JJ3"
"1090","Q96JB2"
"1091","Q8TB37"
"1092","Q8NCM8"
"1093","Q8N9R8"
"1094","Q8N201"
"1095","Q8N1F8"
"1096","Q8N1F7"
"1097","Q86XI2"
"1098","Q75QN2"
"1099","Q70CQ2"
"1100","Q6YHU6"
"1101","Q63HN8"
"1102","Q5UIP0"
"1103","Q5SRE5"
"1104","Q53R41"
"1105","Q29RF7"
"1106","Q13535"
"1107","Q01813"
"1108","P21359"
"1109","P04181"
"1110","O95759"
"1111","O75063"
"1112","O60518"
"1113","O43156"
"1114","O14981"
"1115","Q9H2V7"
"1116","Q9NRK6"
"1117","Q9H6K4"
"1118","Q96SQ9"
"1119","Q96GQ5"
"1120","Q8WUK0"
"1121","Q8IXL6"
"1122","Q8IXK2"
"1123","Q86SR1"
"1124","Q6UXV4"
"1125","Q53TN4"
"1126","Q13454"
"1127","P43304"
"1128","O94923"
"1129","O43761"
"1130","O43194"
"1131","Q9Y653"
"1132","Q9Y3E5"
"1133","Q9Y3B3"
"1134","Q9Y394"
"1135","Q9Y2U9"
"1136","Q9Y2U8"
"1137","Q9Y2L1"
"1138","Q9Y2C4"
"1139","Q9Y284"
"1140","Q9Y227"
"1141","Q9UNS1"
"1142","Q9UKM7"
"1143","Q9UHJ9"
"1144","Q9UGQ3"
"1145","Q9UG56"
"1146","Q9UDX5"
"1147","Q9UBV7"
"1148","Q9NZT1"
"1149","Q9NYP7"
"1150","Q9NYG2"
"1151","Q9NXK6"
"1152","Q9NX14"
"1153","Q9NWD8"
"1154","Q9NUE0"
"1155","Q9NU53"
"1156","Q9NRZ7"
"1157","Q9NRP0"
"1158","Q9NRC1"
"1159","Q9NP73"
"1160","Q9HD45"
"1161","Q9HCU4"
"1162","Q9HBM0"
"1163","Q9HBH5"
"1164","Q9H9S5"
"1165","Q9H8Y8"
"1166","Q9H7M9"
"1167","Q9H6V9"
"1168","Q9H6R6"
"1169","Q9H5J4"
"1170","Q9H3N1"
"1171","Q9H1C4"
"1172","Q9H0P0"
"1173","Q9BZ76"
"1174","Q9BYC5"
"1175","Q9BXT2"
"1176","Q9BXB1"
"1177","Q9BX95"
"1178","Q9BX79"
"1179","Q9BW72"
"1180","Q9BVX2"
"1181","Q9BVK6"
"1182","Q9BUP3"
"1183","Q9BUB7"
"1184","Q9BTX1"
"1185","Q9BRX8"
"1186","Q99805"
"1187","Q99595"
"1188","Q99541"
"1189","Q99523"
"1190","Q99500"
"1191","Q96QD8"
"1192","Q96MV1"
"1193","Q96MH6"
"1194","Q96LT4"
"1195","Q96L58"
"1196","Q96HA4"
"1197","Q96G97"
"1198","Q96F25"
"1199","Q96ET8"
"1200","Q96D31"
"1201","Q96BW9"
"1202","Q96AJ9"
"1203","Q96AD5"
"1204","Q96AA3"
"1205","Q969V5"
"1206","Q92968"
"1207","Q92797"
"1208","Q92633"
"1209","Q92629"
"1210","Q92544"
"1211","Q8WZA1"
"1212","Q8WVM8"
"1213","Q8WV83"
"1214","Q8WTS1"
"1215","Q8TED1"
"1216","Q8TDX6"
"1217","Q8TD43"
"1218","Q8TBM7"
"1219","Q8TBA6"
"1220","Q8TAD4"
"1221","Q8NHS3"
"1222","Q8NG11"
"1223","Q8NCH0"
"1224","Q8NCG7"
"1225","Q8NC44"
"1226","Q8NBN3"
"1227","Q8NBJ4"
"1228","Q8NBI6"
"1229","Q8N6M3"
"1230","Q8N697"
"1231","Q8N511"
"1232","Q8N490"
"1233","Q8N2U0"
"1234","Q8IY95"
"1235","Q8IVQ6"
"1236","Q8IUH4"
"1237","Q86W50"
"1238","Q86VL8"
"1239","Q86UL3"
"1240","Q86UB9"
"1241","Q86SQ4"
"1242","Q7Z7H5"
"1243","Q7RTP0"
"1244","Q6ZT21"
"1245","Q6ZPD9"
"1246","Q6ZMJ2"
"1247","Q6UWP7"
"1248","Q6P4E1"
"1249","Q6P1Q0"
"1250","Q6NUT2"
"1251","Q6NUQ4"
"1252","Q6NTF9"
"1253","Q6N075"
"1254","Q643R3"
"1255","Q5XKP0"
"1256","Q5U3C3"
"1257","Q56VL3"
"1258","Q53S58"
"1259","Q3SY17"
"1260","Q3MIP1"
"1261","Q16678"
"1262","Q16563"
"1263","Q16394"
"1264","Q15363"
"1265","Q15012"
"1266","Q14728"
"1267","Q14534"
"1268","Q14318"
"1269","Q13948"
"1270","Q13505"
"1271","Q13488"
"1272","Q13190"
"1273","Q10472"
"1274","Q07065"
"1275","P98187"
"1276","P98172"
"1277","P78382"
"1278","P78381"
"1279","P61803"
"1280","P61165"
"1281","P60604"
"1282","P60468"
"1283","P60059"
"1284","P60033"
"1285","P53367"
"1286","P51572"
"1287","P49755"
"1288","P49257"
"1289","P46977"
"1290","P35221"
"1291","P32970"
"1292","P32856"
"1293","P26232"
"1294","P25445"
"1295","P24390"
"1296","P17302"
"1297","P15514"
"1298","P11117"
"1299","P10620"
"1300","P08240"
"1301","P07954"
"1302","P04626"
"1303","O95870"
"1304","O95832"
"1305","O95476"
"1306","O95249"
"1307","O95159"
"1308","O95150"
"1309","O94766"
"1310","O75973"
"1311","O75844"
"1312","O75379"
"1313","O60831"
"1314","O60830"
"1315","O60683"
"1316","O60238"
"1317","O43909"
"1318","O43505"
"1319","O15321"
"1320","O15270"
"1321","O15155"
"1322","O15127"
"1323","O15126"
"1324","O15121"
"1325","O14828"
"1326","O14684"
"1327","O14662"
"1328","O14653"
"1329","O00461"
"1330","O00391"
"1331","B2RUZ4"
"1332","A6NNL5"
"1333","A6NGB7"
"1334","A1L3X0"
"1335","A0PJW6"
"1336","Q16706"
"1337","Q9UHF1"
"1338","Q96NU0"
"1339","Q92187"
"1340","Q15582"
"1341","Q14766"
"1342","P61812"
"1343","P42830"
"1344","P30990"
"1345","P30101"
"1346","P26006"
"1347","P22692"
"1348","P17936"
"1349","P07225"
"1350","P05121"
"1351","P02675"
"1352","P02671"
"1353","P01137"
"1354","P00749"
"1355","O60613"
"1356","P24468"
"1357","Q14165"
"1358","P56270"
"1359","P85037"
"1360","Q5VV42"
"1361","Q8N4V1"
"1362","Q9P0T4"
"1363","Q9BQB6"
"1364","Q9BVV7"
"1365","Q8TCJ2"
"1366","Q92504"
"1367","P62979"
"1368","Q99942"
"1369","Q9H0U3"
"1370","P36776"
"1371","P30459"
"1372","Q15011"
"1373","Q7L5D6"
"1374","O94905"
"1375","O75477"
"1376","P39656"
"1377","Q9ULG6"
"1378","P27824"
"1379","Q9UBQ5"
"1380","Q96CT7"
"1381","O15372"
"1382","Q7L2H7"
"1383","Q13347"
"1384","P68104"
"1385","O00303"
"1386","P41091"
"1387","P61221"
"1388","O15371"
"1389","Q9Y262"
"1390","Q99613"
"1391","P61289"
"1392","P29966"
"1393","Q96KR1"
"1394","P61224"
"1395","P29373"
"1396","P0DTC2"
"1397","P0DTC1"
"1398","P0DTD1"
"1399","P0DTC8"
"1400","P0DTC9"
"1401","P0DTD2"
"1402","P0DTC4"
"1403","P0DTC5"
"1404","P0DTC6"
"1405","P0DTC3"
"1406","A0A663DJA2"
"1407","P0DTC7"
"1408","P0DTD3"
"1409","P0DTD8"
